round,test_rmse
1,2.586339235305786
2,1.957090973854065
3,1.9609493017196655
4,2.078697443008423
5,2.179281711578369
6,2.2482149600982666
7,2.2925994396209717
8,2.32073712348938
9,2.3387579917907715
10,2.3507065773010254
11,2.3591370582580566
12,2.365626335144043
13,2.3711371421813965
14,2.3762452602386475
15,2.381288766860962
16,2.386458158493042
17,2.3918533325195312
18,2.3975143432617188
19,2.403451919555664
20,2.409654140472412
21,2.416095733642578
22,2.4227499961853027
